"#","PLAYER","RATING","ERROR","POINTS","PLAYED","(%)"
1,"Crustik-0.3.0",3195.3,36.4,387.50,500,77.50
2,"Noggin-2.1",3095.6,32.8,330.50,500,66.10
3,"Dual-0.4.1",3007.4,32.9,270.50,500,54.10
4,"Potential-3.0.0",3003.8,31.7,268.00,500,53.60
5,"Coco-1.5.0-Dev",2978.6,16.6,2377.50,4500,52.83
6,"Sable-1.1.0",2933.0,"-",188.50,500,37.70
7,"Stash-25.0",2932.0,"-",238.50,500,47.70
8,"Surveyor-ONE.1",2867.0,32.9,173.00,500,34.60
9,"Lynx-1.5.0",2819.0,"-",151.00,500,30.20
10,"Cepimetheus-16",2766.8,38.1,115.00,500,23.00
